3730,1 ZARE,173.5125,169.0125,A+D TX A,Low,12.5K,Off,Off,TG 9 LOKAL TS2,Group Call,9,YOUR_CALL_SIGN,Off,Carrier,Off,1,1,1,Off,1,1,None,None,On,Off,Off,Off,Normal Encryption,Off,Off,Off,Off,251.1,1,Off,On,Off,Off,Off,Off,1,0,Off,0,0,0,100,100,0,0,0,0,0,0
3731,2 ZARE,173.4375,168.9375,A+D TX A,Low,12.5K,Off,Off,TG 9 LOKAL TS2,Group Call,9,YOUR_CALL_SIGN,Off,Carrier,Off,1,1,1,Off,1,1,None,None,On,Off,Off,Off,Normal Encryption,Off,Off,Off,Off,251.1,1,Off,On,Off,Off,Off,Off,1,0,Off,0,0,0,0,0,0,0,0,0,0,0
3732,3 ZARE,173.2125,168.7125,A+D TX A,Low,12.5K,Off,Off,TG 9 LOKAL TS2,Group Call,9,YOUR_CALL_SIGN,Off,Carrier,Off,1,1,1,Off,1,1,None,None,On,Off,Off,Off,Normal Encryption,Off,Off,Off,Off,251.1,1,Off,On,Off,Off,Off,Off,1,0,Off,0,0,0,0,0,0,0,0,0,0,0
3733,4 ZARE,173.2875,168.7875,A+D TX A,Low,12.5K,Off,Off,TG 9 LOKAL TS2,Group Call,9,YOUR_CALL_SIGN,Off,Carrier,Off,1,1,1,Off,1,1,None,None,On,Off,Off,Off,Normal Encryption,Off,Off,Off,Off,251.1,1,Off,On,Off,Off,Off,Off,1,0,Off,0,0,0,0,0,0,0,0,0,0,0
3734,5 ZARE,173.3875,168.8875,A+D TX A,Low,12.5K,Off,Off,TG 9 LOKAL TS2,Group Call,9,YOUR_CALL_SIGN,Off,Carrier,Off,1,1,1,Off,1,1,None,None,On,Off,Off,Off,Normal Encryption,Off,Off,Off,Off,251.1,1,Off,On,Off,Off,Off,Off,1,0,Off,0,0,0,100,100,0,0,0,0,0,0
3735,6 ZARE,173.4125,168.9125,A+D TX A,Low,12.5K,Off,Off,TG 9 LOKAL TS2,Group Call,9,YOUR_CALL_SIGN,Off,Carrier,Off,1,1,1,Off,1,1,None,None,On,Off,Off,Off,Normal Encryption,Off,Off,Off,Off,251.1,1,Off,On,Off,Off,Off,Off,1,0,Off,0,0,0,0,0,0,0,0,0,0,0
3736,7 Stjak,173.5125,169.0125,A+D TX A,Low,12.5K,Off,Off,TG 9 LOKAL TS2,Group Call,9,YOUR_CALL_SIGN,Off,Carrier,Off,1,1,1,Off,1,1,None,None,On,Off,Off,Off,Normal Encryption,Off,Off,Off,Off,251.1,1,Off,On,Off,Off,Off,Off,1,0,Off,0,0,0,100,100,0,0,0,0,0,0
3737,8 ZARE,173.375,168.875,A+D TX A,Low,12.5K,Off,Off,TG 9 LOKAL TS2,Group Call,9,YOUR_CALL_SIGN,Off,Carrier,Off,1,1,1,Off,1,1,None,None,On,Off,Off,Off,Normal Encryption,Off,Off,Off,Off,251.1,1,Off,On,Off,Off,Off,Off,1,0,Off,0,0,0,100,100,0,0,0,0,0,0
3738,9 ZARE,173.5625,169.0625,A+D TX A,Low,12.5K,Off,Off,TG 9 LOKAL TS2,Group Call,9,YOUR_CALL_SIGN,Off,Carrier,Off,1,1,1,Off,1,1,None,None,On,Off,Off,Off,Normal Encryption,Off,Off,Off,Off,251.1,1,Off,On,Off,Off,Off,Off,1,0,Off,0,0,0,100,100,0,0,0,0,0,0
3739,10 ZARE,173.1375,168.6375,A+D TX A,Low,12.5K,Off,Off,TG 9 LOKAL TS2,Group Call,9,YOUR_CALL_SIGN,Off,Carrier,Off,1,1,1,Off,1,1,None,None,On,Off,Off,Off,Normal Encryption,Off,Off,Off,Off,251.1,1,Off,On,Off,Off,Off,Off,1,0,Off,0,0,0,0,0,0,0,0,0,0,0
3740,11 ZARE,173.2125,168.7125,A+D TX A,Low,12.5K,Off,Off,TG 9 LOKAL TS2,Group Call,9,YOUR_CALL_SIGN,Off,Carrier,Off,1,1,1,Off,1,1,None,None,On,Off,Off,Off,Normal Encryption,Off,Off,Off,Off,251.1,1,Off,On,Off,Off,Off,Off,1,0,Off,0,0,0,0,0,0,0,0,0,0,0
3741,12 ZARE,173.1125,168.6125,A+D TX A,Low,12.5K,Off,Off,TG 9 LOKAL TS2,Group Call,9,YOUR_CALL_SIGN,Off,Carrier,Off,1,1,1,Off,1,1,None,None,On,Off,Off,Off,Normal Encryption,Off,Off,Off,Off,251.1,1,Off,On,Off,Off,Off,Off,1,0,Off,0,0,0,100,100,0,0,0,0,0,0
3742,13 ZARE,173.3375,168.8375,A+D TX A,Low,12.5K,Off,Off,TG 9 LOKAL TS2,Group Call,9,YOUR_CALL_SIGN,Off,Carrier,Off,1,1,1,Off,1,1,None,None,On,Off,Off,Off,Normal Encryption,Off,Off,Off,Off,251.1,1,Off,On,Off,Off,Off,Off,1,0,Off,0,0,0,0,0,0,0,0,0,0,0
3743,14 ZARE,173.2875,168.7875,A+D TX A,Low,12.5K,Off,Off,TG 9 LOKAL TS2,Group Call,9,YOUR_CALL_SIGN,Off,Carrier,Off,1,1,1,Off,1,1,None,None,On,Off,Off,Off,Normal Encryption,Off,Off,Off,Off,251.1,1,Off,On,Off,Off,Off,Off,1,0,Off,0,0,0,0,0,0,0,0,0,0,0
3744,15 Krim,173.5375,169.0375,A+D TX A,Low,12.5K,Off,Off,TG 9 LOKAL TS2,Group Call,9,YOUR_CALL_SIGN,Off,Carrier,Off,1,1,1,Off,1,1,None,None,On,Off,Off,Off,Normal Encryption,Off,Off,Off,Off,251.1,1,Off,On,Off,Off,Off,Off,1,0,Off,0,0,0,100,100,0,0,0,0,0,0
3745,16 Sm. Gora,173.4375,168.9375,A+D TX A,Low,12.5K,Off,Off,TG 9 LOKAL TS2,Group Call,9,YOUR_CALL_SIGN,Off,Carrier,Off,1,1,1,Off,1,1,None,None,On,Off,Off,Off,Normal Encryption,Off,Off,Off,Off,251.1,1,Off,On,Off,Off,Off,Off,1,0,Off,0,0,0,100,100,0,0,0,0,0,0
3746,17 ZARE,173.1875,168.6875,A+D TX A,Low,12.5K,Off,Off,TG 9 LOKAL TS2,Group Call,9,YOUR_CALL_SIGN,Off,Carrier,Off,1,1,1,Off,1,1,None,None,On,Off,Off,Off,Normal Encryption,Off,Off,Off,Off,251.1,1,Off,On,Off,Off,Off,Off,1,0,Off,0,0,0,0,0,0,0,0,0,0,0
3747,18 ZARE,173.2125,168.7125,A+D TX A,Low,12.5K,Off,Off,TG 9 LOKAL TS2,Group Call,9,YOUR_CALL_SIGN,Off,Carrier,Off,1,1,1,Off,1,1,None,None,On,Off,Off,Off,Normal Encryption,Off,Off,Off,Off,251.1,1,Off,On,Off,Off,Off,Off,1,0,Off,0,0,0,0,0,0,0,0,0,0,0
3748,19 ZARE,173.3875,168.8875,A+D TX A,Low,12.5K,Off,Off,TG 9 LOKAL TS2,Group Call,9,YOUR_CALL_SIGN,Off,Carrier,Off,1,1,1,Off,1,1,None,None,On,Off,Off,Off,Normal Encryption,Off,Off,Off,Off,251.1,1,Off,On,Off,Off,Off,Off,1,0,Off,0,0,0,100,100,0,0,0,0,0,0
3749,20 ZARE,173.2375,168.7375,A+D TX A,Low,12.5K,Off,Off,TG 9 LOKAL TS2,Group Call,9,YOUR_CALL_SIGN,Off,Carrier,Off,1,1,1,Off,1,1,None,None,On,Off,Off,Off,Normal Encryption,Off,Off,Off,Off,251.1,1,Off,On,Off,Off,Off,Off,1,0,Off,0,0,0,0,0,0,0,0,0,0,0
3750,21 ZARE,173.2625,168.7625,A+D TX A,Low,12.5K,Off,Off,TG 9 LOKAL TS2,Group Call,9,YOUR_CALL_SIGN,Off,Carrier,Off,1,1,1,Off,1,1,None,None,On,Off,Off,Off,Normal Encryption,Off,Off,Off,Off,251.1,1,Off,On,Off,Off,Off,Off,1,0,Off,0,0,0,0,0,0,0,0,0,0,0
3751,22 ZARE,173.1875,168.6875,A+D TX A,Low,12.5K,Off,Off,TG 9 LOKAL TS2,Group Call,9,YOUR_CALL_SIGN,Off,Carrier,Off,1,1,1,Off,1,1,None,None,On,Off,Off,Off,Normal Encryption,Off,Off,Off,Off,251.1,1,Off,On,Off,Off,Off,Off,1,0,Off,0,0,0,0,0,0,0,0,0,0,0
3752,23 ZARE,173.3125,168.8125,A+D TX A,Low,12.5K,Off,Off,TG 9 LOKAL TS2,Group Call,9,YOUR_CALL_SIGN,Off,Carrier,Off,1,1,1,Off,1,1,None,None,On,Off,Off,Off,Normal Encryption,Off,Off,Off,Off,251.1,1,Off,On,Off,Off,Off,Off,1,0,Off,0,0,0,100,100,0,0,0,0,0,0
3753,24 Zidovnik,173.0875,168.5875,A+D TX A,Low,12.5K,Off,Off,TG 9 LOKAL TS2,Group Call,9,YOUR_CALL_SIGN,Off,Carrier,Off,1,1,1,Off,1,1,None,None,On,Off,Off,Off,Normal Encryption,Off,Off,Off,Off,251.1,1,Off,On,Off,Off,Off,Off,1,0,Off,0,0,0,100,100,0,0,0,0,0,0
3754,25 ZARE,173.3625,168.8625,A+D TX A,Low,12.5K,Off,Off,TG 9 LOKAL TS2,Group Call,9,YOUR_CALL_SIGN,Off,Carrier,Off,1,1,1,Off,1,1,None,None,On,Off,Off,Off,Normal Encryption,Off,Off,Off,Off,251.1,1,Off,On,Off,Off,Off,Off,1,0,Off,0,0,0,0,0,0,0,0,0,0,0
3755,26 Nanos,173.2375,168.7375,A+D TX A,Low,12.5K,Off,Off,TG 9 LOKAL TS2,Group Call,9,YOUR_CALL_SIGN,Off,Carrier,Off,1,1,1,Off,1,1,None,None,On,Off,Off,Off,Normal Encryption,Off,Off,Off,Off,251.1,1,Off,On,Off,Off,Off,Off,1,0,Off,0,0,0,100,100,0,0,0,0,0,0
3756,27 ZARE,173.5625,169.0625,A+D TX A,Low,12.5K,Off,Off,TG 9 LOKAL TS2,Group Call,9,YOUR_CALL_SIGN,Off,Carrier,Off,1,1,1,Off,1,1,None,None,On,Off,Off,Off,Normal Encryption,Off,Off,Off,Off,251.1,1,Off,On,Off,Off,Off,Off,1,0,Off,0,0,0,100,100,0,0,0,0,0,0
3757,28 Artvize,173.1625,168.6625,A+D TX A,Low,12.5K,Off,Off,TG 9 LOKAL TS2,Group Call,9,YOUR_CALL_SIGN,Off,Carrier,Off,1,1,1,Off,1,1,None,None,On,Off,Off,Off,Normal Encryption,Off,Off,Off,Off,251.1,1,Off,On,Off,Off,Off,Off,1,0,Off,0,0,0,100,100,0,0,0,0,0,0
3758,29 ZARE,173.1625,168.6625,A+D TX A,Low,12.5K,Off,Off,TG 9 LOKAL TS2,Group Call,9,YOUR_CALL_SIGN,Off,Carrier,Off,1,1,1,Off,1,1,None,None,On,Off,Off,Off,Normal Encryption,Off,Off,Off,Off,251.1,1,Off,On,Off,Off,Off,Off,1,0,Off,0,0,0,100,100,0,0,0,0,0,0
3759,30 ZARE,173.55,169.05,A+D TX A,Low,12.5K,Off,Off,TG 9 LOKAL TS2,Group Call,9,YOUR_CALL_SIGN,Off,Carrier,Off,1,1,1,Off,1,1,None,None,On,Off,Off,Off,Normal Encryption,Off,Off,Off,Off,251.1,1,Off,On,Off,Off,Off,Off,1,0,Off,0,0,0,100,100,0,0,0,0,0,0
3760,31 MREP Cerje,173.3,168.8,A+D TX A,Low,12.5K,Off,Off,TG 9 LOKAL TS2,Group Call,9,YOUR_CALL_SIGN,Off,Carrier,Off,1,1,1,Off,1,1,None,None,On,Off,Off,Off,Normal Encryption,Off,Off,Off,Off,251.1,1,Off,On,Off,Off,Off,Off,1,0,Off,0,0,0,0,0,0,0,0,0,0,0
3761,32 MREP,173.4,168.9,A+D TX A,Low,12.5K,Off,Off,TG 9 LOKAL TS2,Group Call,9,YOUR_CALL_SIGN,Off,Carrier,Off,1,1,1,Off,1,1,None,None,On,Off,Off,Off,Normal Encryption,Off,Off,Off,Off,251.1,1,Off,On,Off,Off,Off,Off,1,0,Off,0,0,0,0,0,0,0,0,0,0,0
3762,33 HELI ZARE,173.075,173.075,A+D TX A,Low,12.5K,Off,Off,TG 9 LOKAL TS2,Group Call,9,YOUR_CALL_SIGN,Off,Carrier,Off,1,1,1,Off,1,1,None,None,On,Off,Off,Off,Normal Encryption,Off,Off,Off,Off,251.1,1,Off,On,Off,Off,Off,Off,1,0,Off,0,0,0,0,0,0,0,0,0,0,0
3763,34 HELI ZARE,173.1,173.1,A+D TX A,Low,12.5K,Off,Off,TG 9 LOKAL TS2,Group Call,9,YOUR_CALL_SIGN,Off,Carrier,Off,1,1,1,Off,1,1,None,None,On,Off,Off,Off,Normal Encryption,Off,Off,Off,Off,251.1,1,Off,On,Off,Off,Off,Off,1,0,Off,0,0,0,0,0,0,0,0,0,0,0
3764,35 ZARE,173.125,173.125,A+D TX A,Low,12.5K,Off,Off,TG 9 LOKAL TS2,Group Call,9,YOUR_CALL_SIGN,Off,Carrier,Off,1,1,1,Off,1,1,None,None,On,Off,Off,Off,Normal Encryption,Off,Off,Off,Off,251.1,1,Off,On,Off,Off,Off,Off,1,0,Off,0,0,0,0,0,0,0,0,0,0,0
3765,36 ZARE,173.15,173.15,A+D TX A,Low,12.5K,Off,Off,TG 9 LOKAL TS2,Group Call,9,YOUR_CALL_SIGN,Off,Carrier,Off,1,1,1,Off,1,1,None,None,On,Off,Off,Off,Normal Encryption,Off,Off,Off,Off,251.1,1,Off,On,Off,Off,Off,Off,1,0,Off,0,0,0,0,0,0,0,0,0,0,0
3766,37 ZARE,173.175,173.175,A+D TX A,Low,12.5K,Off,Off,TG 9 LOKAL TS2,Group Call,9,YOUR_CALL_SIGN,Off,Carrier,Off,1,1,1,Off,1,1,None,None,On,Off,Off,Off,Normal Encryption,Off,Off,Off,Off,251.1,1,Off,On,Off,Off,Off,Off,1,0,Off,0,0,0,0,0,0,0,0,0,0,0
3767,38 ZARE,173.2,173.2,A+D TX A,Low,12.5K,Off,Off,TG 9 LOKAL TS2,Group Call,9,YOUR_CALL_SIGN,Off,Carrier,Off,1,1,1,Off,1,1,None,None,On,Off,Off,Off,Normal Encryption,Off,Off,Off,Off,251.1,1,Off,On,Off,Off,Off,Off,1,0,Off,0,0,0,0,0,0,0,0,0,0,0
3768,39 KGZ Simplex,173.225,173.225,A+D TX A,Low,12.5K,Off,Off,TG 9 LOKAL TS2,Group Call,9,YOUR_CALL_SIGN,Off,Carrier,Off,1,1,1,Off,1,1,None,None,On,Off,Off,Off,Normal Encryption,Off,Off,Off,Off,251.1,1,Off,On,Off,Off,Off,Off,1,0,Off,0,0,0,100,100,0,0,0,0,0,0
3769,40 ZARE,173.25,173.25,A+D TX A,Low,12.5K,Off,Off,TG 9 LOKAL TS2,Group Call,9,YOUR_CALL_SIGN,Off,Carrier,Off,1,1,1,Off,1,1,None,None,On,Off,Off,Off,Normal Encryption,Off,Off,Off,Off,251.1,1,Off,On,Off,Off,Off,Off,1,0,Off,0,0,0,0,0,0,0,0,0,0,0
3770,41 ZARE,173.275,173.275,A+D TX A,Low,12.5K,Off,Off,TG 9 LOKAL TS2,Group Call,9,YOUR_CALL_SIGN,Off,Carrier,Off,1,1,1,Off,1,1,None,None,On,Off,Off,Off,Normal Encryption,Off,Off,Off,Off,251.1,1,Off,On,Off,Off,Off,Off,1,0,Off,0,0,0,0,0,0,0,0,0,0,0
3771,42 ZARE,173.3,173.3,A+D TX A,Low,12.5K,Off,Off,TG 9 LOKAL TS2,Group Call,9,YOUR_CALL_SIGN,Off,Carrier,Off,1,1,1,Off,1,1,None,None,On,Off,Off,Off,Normal Encryption,Off,Off,Off,Off,251.1,1,Off,On,Off,Off,Off,Off,1,0,Off,0,0,0,0,0,0,0,0,0,0,0
3772,43 ZARE,173.325,173.325,A+D TX A,Low,12.5K,Off,Off,TG 9 LOKAL TS2,Group Call,9,YOUR_CALL_SIGN,Off,Carrier,Off,1,1,1,Off,1,1,None,None,On,Off,Off,Off,Normal Encryption,Off,Off,Off,Off,251.1,1,Off,On,Off,Off,Off,Off,1,0,Off,0,0,0,0,0,0,0,0,0,0,0
3773,44 ZARE,173.35,173.35,A+D TX A,Low,12.5K,Off,Off,TG 9 LOKAL TS2,Group Call,9,YOUR_CALL_SIGN,Off,Carrier,Off,1,1,1,Off,1,1,None,None,On,Off,Off,Off,Normal Encryption,Off,Off,Off,Off,251.1,1,Off,On,Off,Off,Off,Off,1,0,Off,0,0,0,0,0,0,0,0,0,0,0
3774,45 ZARE,173.375,173.375,A+D TX A,Low,12.5K,Off,Off,TG 9 LOKAL TS2,Group Call,9,YOUR_CALL_SIGN,Off,Carrier,Off,1,1,1,Off,1,1,None,None,On,Off,Off,Off,Normal Encryption,Off,Off,Off,Off,251.1,1,Off,On,Off,Off,Off,Off,1,0,Off,0,0,0,0,0,0,0,0,0,0,0
3775,46 ZARE,173.4,173.4,A+D TX A,Low,12.5K,Off,Off,TG 9 LOKAL TS2,Group Call,9,YOUR_CALL_SIGN,Off,Carrier,Off,1,1,1,Off,1,1,None,None,On,Off,Off,Off,Normal Encryption,Off,Off,Off,Off,251.1,1,Off,On,Off,Off,Off,Off,1,0,Off,0,0,0,0,0,0,0,0,0,0,0
3776,47 ZARE,173.425,173.425,A+D TX A,Low,12.5K,Off,Off,TG 9 LOKAL TS2,Group Call,9,YOUR_CALL_SIGN,Off,Carrier,Off,1,1,1,Off,1,1,None,None,On,Off,Off,Off,Normal Encryption,Off,Off,Off,Off,251.1,1,Off,On,Off,Off,Off,Off,1,0,Off,0,0,0,0,0,0,0,0,0,0,0
3777,48 ZARE,173.5,173.5,A+D TX A,Low,12.5K,Off,Off,TG 9 LOKAL TS2,Group Call,9,YOUR_CALL_SIGN,Off,Carrier,Off,1,1,1,Off,1,1,None,None,On,Off,Off,Off,Normal Encryption,Off,Off,Off,Off,251.1,1,Off,On,Off,Off,Off,Off,1,0,Off,0,0,0,0,0,0,0,0,0,0,0
3778,49 ZARE,173.525,173.525,A+D TX A,Low,12.5K,Off,Off,TG 9 LOKAL TS2,Group Call,9,YOUR_CALL_SIGN,Off,Carrier,Off,1,1,1,Off,1,1,None,None,On,Off,Off,Off,Normal Encryption,Off,Off,Off,Off,251.1,1,Off,On,Off,Off,Off,Off,1,0,Off,0,0,0,100,100,0,0,0,0,0,0
3779,50 ZARE,173.55,173.55,A+D TX A,Low,12.5K,Off,Off,TG 9 LOKAL TS2,Group Call,9,YOUR_CALL_SIGN,Off,Carrier,Off,1,1,1,Off,1,1,None,None,On,Off,Off,Off,Normal Encryption,Off,Off,Off,Off,251.1,1,Off,On,Off,Off,Off,Off,1,0,Off,0,0,0,0,0,0,0,0,0,0,0
3780,51 ZARE,168.575,168.575,A+D TX A,Low,12.5K,Off,Off,TG 9 LOKAL TS2,Group Call,9,YOUR_CALL_SIGN,Off,Carrier,Off,1,1,1,Off,1,1,None,None,On,Off,Off,Off,Normal Encryption,Off,Off,Off,Off,251.1,1,Off,On,Off,Off,Off,Off,1,0,Off,0,0,0,0,0,0,0,0,0,0,0
3781,52 ZARE,168.6,168.6,A+D TX A,Low,12.5K,Off,Off,TG 9 LOKAL TS2,Group Call,9,YOUR_CALL_SIGN,Off,Carrier,Off,1,1,1,Off,1,1,None,None,On,Off,Off,Off,Normal Encryption,Off,Off,Off,Off,251.1,1,Off,On,Off,Off,Off,Off,1,0,Off,0,0,0,0,0,0,0,0,0,0,0
3782,53 ZARE,168.625,168.625,A+D TX A,Low,12.5K,Off,Off,TG 9 LOKAL TS2,Group Call,9,YOUR_CALL_SIGN,Off,Carrier,Off,1,1,1,Off,1,1,None,None,On,Off,Off,Off,Normal Encryption,Off,Off,Off,Off,251.1,1,Off,On,Off,Off,Off,Off,1,0,Off,0,0,0,0,0,0,0,0,0,0,0
3783,54 ZARE,168.65,168.65,A+D TX A,Low,12.5K,Off,Off,TG 9 LOKAL TS2,Group Call,9,YOUR_CALL_SIGN,Off,Carrier,Off,1,1,1,Off,1,1,None,None,On,Off,Off,Off,Normal Encryption,Off,Off,Off,Off,251.1,1,Off,On,Off,Off,Off,Off,1,0,Off,0,0,0,0,0,0,0,0,0,0,0
3784,55 ZARE,168.675,168.675,A+D TX A,Low,12.5K,Off,Off,TG 9 LOKAL TS2,Group Call,9,YOUR_CALL_SIGN,Off,Carrier,Off,1,1,1,Off,1,1,None,None,On,Off,Off,Off,Normal Encryption,Off,Off,Off,Off,251.1,1,Off,On,Off,Off,Off,Off,1,0,Off,0,0,0,0,0,0,0,0,0,0,0
3785,56 ZARE,168.7,168.7,A+D TX A,Low,12.5K,Off,Off,TG 9 LOKAL TS2,Group Call,9,YOUR_CALL_SIGN,Off,Carrier,Off,1,1,1,Off,1,1,None,None,On,Off,Off,Off,Normal Encryption,Off,Off,Off,Off,251.1,1,Off,On,Off,Off,Off,Off,1,0,Off,0,0,0,0,0,0,0,0,0,0,0
3786,57 ZARE,168.725,168.725,A+D TX A,Low,12.5K,Off,Off,TG 9 LOKAL TS2,Group Call,9,YOUR_CALL_SIGN,Off,Carrier,Off,1,1,1,Off,1,1,None,None,On,Off,Off,Off,Normal Encryption,Off,Off,Off,Off,251.1,1,Off,On,Off,Off,Off,Off,1,0,Off,0,0,0,0,0,0,0,0,0,0,0
3787,58 ZARE,168.75,168.75,A+D TX A,Low,12.5K,Off,Off,TG 9 LOKAL TS2,Group Call,9,YOUR_CALL_SIGN,Off,Carrier,Off,1,1,1,Off,1,1,None,None,On,Off,Off,Off,Normal Encryption,Off,Off,Off,Off,251.1,1,Off,On,Off,Off,Off,Off,1,0,Off,0,0,0,0,0,0,0,0,0,0,0
3788,59 ZARE,168.775,168.775,A+D TX A,Low,12.5K,Off,Off,TG 9 LOKAL TS2,Group Call,9,YOUR_CALL_SIGN,Off,Carrier,Off,1,1,1,Off,1,1,None,None,On,Off,Off,Off,Normal Encryption,Off,Off,Off,Off,251.1,1,Off,On,Off,Off,Off,Off,1,0,Off,0,0,0,0,0,0,0,0,0,0,0
3789,60 ZARE,168.8,168.8,A+D TX A,Low,12.5K,Off,Off,TG 9 LOKAL TS2,Group Call,9,YOUR_CALL_SIGN,Off,Carrier,Off,1,1,1,Off,1,1,None,None,On,Off,Off,Off,Normal Encryption,Off,Off,Off,Off,251.1,1,Off,On,Off,Off,Off,Off,1,0,Off,0,0,0,0,0,0,0,0,0,0,0
3790,61 ZARE,168.825,168.825,A+D TX A,Low,12.5K,Off,Off,TG 9 LOKAL TS2,Group Call,9,YOUR_CALL_SIGN,Off,Carrier,Off,1,1,1,Off,1,1,None,None,On,Off,Off,Off,Normal Encryption,Off,Off,Off,Off,251.1,1,Off,On,Off,Off,Off,Off,1,0,Off,0,0,0,0,0,0,0,0,0,0,0
3791,62 ZARE,168.85,168.85,A+D TX A,Low,12.5K,Off,Off,TG 9 LOKAL TS2,Group Call,9,YOUR_CALL_SIGN,Off,Carrier,Off,1,1,1,Off,1,1,None,None,On,Off,Off,Off,Normal Encryption,Off,Off,Off,Off,251.1,1,Off,On,Off,Off,Off,Off,1,0,Off,0,0,0,0,0,0,0,0,0,0,0
3792,63 ZARE,168.875,168.875,A+D TX A,Low,12.5K,Off,Off,TG 9 LOKAL TS2,Group Call,9,YOUR_CALL_SIGN,Off,Carrier,Off,1,1,1,Off,1,1,None,None,On,Off,Off,Off,Normal Encryption,Off,Off,Off,Off,251.1,1,Off,On,Off,Off,Off,Off,1,0,Off,0,0,0,0,0,0,0,0,0,0,0
3793,64 ZARE,168.9,168.9,A+D TX A,Low,12.5K,Off,Off,TG 9 LOKAL TS2,Group Call,9,YOUR_CALL_SIGN,Off,Carrier,Off,1,1,1,Off,1,1,None,None,On,Off,Off,Off,Normal Encryption,Off,Off,Off,Off,251.1,1,Off,On,Off,Off,Off,Off,1,0,Off,0,0,0,0,0,0,0,0,0,0,0
3794,65 ZARE,168.925,168.925,A+D TX A,Low,12.5K,Off,Off,TG 9 LOKAL TS2,Group Call,9,YOUR_CALL_SIGN,Off,Carrier,Off,1,1,1,Off,1,1,None,None,On,Off,Off,Off,Normal Encryption,Off,Off,Off,Off,251.1,1,Off,On,Off,Off,Off,Off,1,0,Off,0,0,0,0,0,0,0,0,0,0,0
3795,66 ZARE,169,169,A+D TX A,Low,12.5K,Off,Off,TG 9 LOKAL TS2,Group Call,9,YOUR_CALL_SIGN,Off,Carrier,Off,1,1,1,Off,1,1,None,None,On,Off,Off,Off,Normal Encryption,Off,Off,Off,Off,251.1,1,Off,On,Off,Off,Off,Off,1,0,Off,0,0,0,0,0,0,0,0,0,0,0
3796,67 ZARE,169.025,169.025,A+D TX A,Low,12.5K,Off,Off,TG 9 LOKAL TS2,Group Call,9,YOUR_CALL_SIGN,Off,Carrier,Off,1,1,1,Off,1,1,None,None,On,Off,Off,Off,Normal Encryption,Off,Off,Off,Off,251.1,1,Off,On,Off,Off,Off,Off,1,0,Off,0,0,0,0,0,0,0,0,0,0,0
3797,68 ZARE,169.05,169.05,A+D TX A,Low,12.5K,Off,Off,TG 9 LOKAL TS2,Group Call,9,YOUR_CALL_SIGN,Off,Carrier,Off,1,1,1,Off,1,1,None,None,On,Off,Off,Off,Normal Encryption,Off,Off,Off,Off,251.1,1,Off,On,Off,Off,Off,Off,1,0,Off,0,0,0,0,0,0,0,0,0,0,0
,,,,,,,,,,,,,,,,,,,,,,,,,,,,,,,,,,,,,,,,,,,,,,,,,,,,,,
,,,,,,,,,,,,,,,,,,,,,,,,,,,,,,,,,,,,,,,,,,,,,,,,,,,,,,
,,4.5,,,,,,,,,,,,,,,,,,,,,,,,,,,,,,,,,,,,,,,,,,,,,,,,,,,,
,,4.5,,,,,,,,,,,,,,,,,,,,,,,,,,,,,,,,,,,,,,,,,,,,,,,,,,,,
,,4.5,,,,,,,,,,,,,,,,,,,,,,,,,,,,,,,,,,,,,,,,,,,,,,,,,,,,
,,4.5,,,,,,,,,,,,,,,,,,,,,,,,,,,,,,,,,,,,,,,,,,,,,,,,,,,,
,,4.5,,,,,,,,,,,,,,,,,,,,,,,,,,,,,,,,,,,,,,,,,,,,,,,,,,,,
,,4.5,,,,,,,,,,,,,,,,,,,,,,,,,,,,,,,,,,,,,,,,,,,,,,,,,,,,
,,4.5,,,,,,,,,,,,,,,,,,,,,,,,,,,,,,,,,,,,,,,,,,,,,,,,,,,,
,,4.5,,,,,,,,,,,,,,,,,,,,,,,,,,,,,,,,,,,,,,,,,,,,,,,,,,,,
,,4.5,,,,,,,,,,,,,,,,,,,,,,,,,,,,,,,,,,,,,,,,,,,,,,,,,,,,
,,4.5,,,,,,,,,,,,,,,,,,,,,,,,,,,,,,,,,,,,,,,,,,,,,,,,,,,,
,,4.5,,,,,,,,,,,,,,,,,,,,,,,,,,,,,,,,,,,,,,,,,,,,,,,,,,,,
,,4.5,,,,,,,,,,,,,,,,,,,,,,,,,,,,,,,,,,,,,,,,,,,,,,,,,,,,
,,4.5,,,,,,,,,,,,,,,,,,,,,,,,,,,,,,,,,,,,,,,,,,,,,,,,,,,,
,,4.5,,,,,,,,,,,,,,,,,,,,,,,,,,,,,,,,,,,,,,,,,,,,,,,,,,,,
,,4.5,,,,,,,,,,,,,,,,,,,,,,,,,,,,,,,,,,,,,,,,,,,,,,,,,,,,
,,4.5,,,,,,,,,,,,,,,,,,,,,,,,,,,,,,,,,,,,,,,,,,,,,,,,,,,,
,,4.5,,,,,,,,,,,,,,,,,,,,,,,,,,,,,,,,,,,,,,,,,,,,,,,,,,,,
,,4.5,,,,,,,,,,,,,,,,,,,,,,,,,,,,,,,,,,,,,,,,,,,,,,,,,,,,
,,4.5,,,,,,,,,,,,,,,,,,,,,,,,,,,,,,,,,,,,,,,,,,,,,,,,,,,,
,,4.5,,,,,,,,,,,,,,,,,,,,,,,,,,,,,,,,,,,,,,,,,,,,,,,,,,,,
,,4.5,,,,,,,,,,,,,,,,,,,,,,,,,,,,,,,,,,,,,,,,,,,,,,,,,,,,
,,4.5,,,,,,,,,,,,,,,,,,,,,,,,,,,,,,,,,,,,,,,,,,,,,,,,,,,,
,,4.5,,,,,,,,,,,,,,,,,,,,,,,,,,,,,,,,,,,,,,,,,,,,,,,,,,,,
,,4.5,,,,,,,,,,,,,,,,,,,,,,,,,,,,,,,,,,,,,,,,,,,,,,,,,,,,
,,4.5,,,,,,,,,,,,,,,,,,,,,,,,,,,,,,,,,,,,,,,,,,,,,,,,,,,,
,,4.5,,,,,,,,,,,,,,,,,,,,,,,,,,,,,,,,,,,,,,,,,,,,,,,,,,,,
,,4.5,,,,,,,,,,,,,,,,,,,,,,,,,,,,,,,,,,,,,,,,,,,,,,,,,,,,
,,4.5,,,,,,,,,,,,,,,,,,,,,,,,,,,,,,,,,,,,,,,,,,,,,,,,,,,,
,,4.5,,,,,,,,,,,,,,,,,,,,,,,,,,,,,,,,,,,,,,,,,,,,,,,,,,,,
,,4.5,,,,,,,,,,,,,,,,,,,,,,,,,,,,,,,,,,,,,,,,,,,,,,,,,,,,
,,4.5,,,,,,,,,,,,,,,,,,,,,,,,,,,,,,,,,,,,,,,,,,,,,,,,,,,,
,,4.5,,,,,,,,,,,,,,,,,,,,,,,,,,,,,,,,,,,,,,,,,,,,,,,,,,,,
,,0,,,,,,,,,,,,,,,,,,,,,,,,,,,,,,,,,,,,,,,,,,,,,,,,,,,,
,,0,,,,,,,,,,,,,,,,,,,,,,,,,,,,,,,,,,,,,,,,,,,,,,,,,,,,
,,0,,,,,,,,,,,,,,,,,,,,,,,,,,,,,,,,,,,,,,,,,,,,,,,,,,,,
,,0,,,,,,,,,,,,,,,,,,,,,,,,,,,,,,,,,,,,,,,,,,,,,,,,,,,,
,,0,,,,,,,,,,,,,,,,,,,,,,,,,,,,,,,,,,,,,,,,,,,,,,,,,,,,
,,0,,,,,,,,,,,,,,,,,,,,,,,,,,,,,,,,,,,,,,,,,,,,,,,,,,,,
,,0,,,,,,,,,,,,,,,,,,,,,,,,,,,,,,,,,,,,,,,,,,,,,,,,,,,,
,,0,,,,,,,,,,,,,,,,,,,,,,,,,,,,,,,,,,,,,,,,,,,,,,,,,,,,
,,0,,,,,,,,,,,,,,,,,,,,,,,,,,,,,,,,,,,,,,,,,,,,,,,,,,,,
,,0,,,,,,,,,,,,,,,,,,,,,,,,,,,,,,,,,,,,,,,,,,,,,,,,,,,,
,,0,,,,,,,,,,,,,,,,,,,,,,,,,,,,,,,,,,,,,,,,,,,,,,,,,,,,
,,0,,,,,,,,,,,,,,,,,,,,,,,,,,,,,,,,,,,,,,,,,,,,,,,,,,,,
,,0,,,,,,,,,,,,,,,,,,,,,,,,,,,,,,,,,,,,,,,,,,,,,,,,,,,,
,,0,,,,,,,,,,,,,,,,,,,,,,,,,,,,,,,,,,,,,,,,,,,,,,,,,,,,
,,0,,,,,,,,,,,,,,,,,,,,,,,,,,,,,,,,,,,,,,,,,,,,,,,,,,,,
,,0,,,,,,,,,,,,,,,,,,,,,,,,,,,,,,,,,,,,,,,,,,,,,,,,,,,,
,,0,,,,,,,,,,,,,,,,,,,,,,,,,,,,,,,,,,,,,,,,,,,,,,,,,,,,
,,0,,,,,,,,,,,,,,,,,,,,,,,,,,,,,,,,,,,,,,,,,,,,,,,,,,,,
,,0,,,,,,,,,,,,,,,,,,,,,,,,,,,,,,,,,,,,,,,,,,,,,,,,,,,,
,,0,,,,,,,,,,,,,,,,,,,,,,,,,,,,,,,,,,,,,,,,,,,,,,,,,,,,
,,0,,,,,,,,,,,,,,,,,,,,,,,,,,,,,,,,,,,,,,,,,,,,,,,,,,,,
,,0,,,,,,,,,,,,,,,,,,,,,,,,,,,,,,,,,,,,,,,,,,,,,,,,,,,,
,,0,,,,,,,,,,,,,,,,,,,,,,,,,,,,,,,,,,,,,,,,,,,,,,,,,,,,
,,0,,,,,,,,,,,,,,,,,,,,,,,,,,,,,,,,,,,,,,,,,,,,,,,,,,,,
,,0,,,,,,,,,,,,,,,,,,,,,,,,,,,,,,,,,,,,,,,,,,,,,,,,,,,,
,,0,,,,,,,,,,,,,,,,,,,,,,,,,,,,,,,,,,,,,,,,,,,,,,,,,,,,
,,0,,,,,,,,,,,,,,,,,,,,,,,,,,,,,,,,,,,,,,,,,,,,,,,,,,,,
,,0,,,,,,,,,,,,,,,,,,,,,,,,,,,,,,,,,,,,,,,,,,,,,,,,,,,,
,,0,,,,,,,,,,,,,,,,,,,,,,,,,,,,,,,,,,,,,,,,,,,,,,,,,,,,
,,0,,,,,,,,,,,,,,,,,,,,,,,,,,,,,,,,,,,,,,,,,,,,,,,,,,,,
,,0,,,,,,,,,,,,,,,,,,,,,,,,,,,,,,,,,,,,,,,,,,,,,,,,,,,,
,,0,,,,,,,,,,,,,,,,,,,,,,,,,,,,,,,,,,,,,,,,,,,,,,,,,,,,
,,0,,,,,,,,,,,,,,,,,,,,,,,,,,,,,,,,,,,,,,,,,,,,,,,,,,,,
,,0,,,,,,,,,,,,,,,,,,,,,,,,,,,,,,,,,,,,,,,,,,,,,,,,,,,,
,,0,,,,,,,,,,,,,,,,,,,,,,,,,,,,,,,,,,,,,,,,,,,,,,,,,,,,
,,0,,,,,,,,,,,,,,,,,,,,,,,,,,,,,,,,,,,,,,,,,,,,,,,,,,,,
,,0,,,,,,,,,,,,,,,,,,,,,,,,,,,,,,,,,,,,,,,,,,,,,,,,,,,,
,,0,,,,,,,,,,,,,,,,,,,,,,,,,,,,,,,,,,,,,,,,,,,,,,,,,,,,
,,4.5,,,,,,,,,,,,,,,,,,,,,,,,,,,,,,,,,,,,,,,,,,,,,,,,,,,,
,,4.5,,,,,,,,,,,,,,,,,,,,,,,,,,,,,,,,,,,,,,,,,,,,,,,,,,,,
,,4.5,,,,,,,,,,,,,,,,,,,,,,,,,,,,,,,,,,,,,,,,,,,,,,,,,,,,
,,4.5,,,,,,,,,,,,,,,,,,,,,,,,,,,,,,,,,,,,,,,,,,,,,,,,,,,,
,,4.5,,,,,,,,,,,,,,,,,,,,,,,,,,,,,,,,,,,,,,,,,,,,,,,,,,,,
,,4.5,,,,,,,,,,,,,,,,,,,,,,,,,,,,,,,,,,,,,,,,,,,,,,,,,,,,
,,4.5,,,,,,,,,,,,,,,,,,,,,,,,,,,,,,,,,,,,,,,,,,,,,,,,,,,,
,,4.5,,,,,,,,,,,,,,,,,,,,,,,,,,,,,,,,,,,,,,,,,,,,,,,,,,,,
,,4.5,,,,,,,,,,,,,,,,,,,,,,,,,,,,,,,,,,,,,,,,,,,,,,,,,,,,
,,4.5,,,,,,,,,,,,,,,,,,,,,,,,,,,,,,,,,,,,,,,,,,,,,,,,,,,,
,,4.5,,,,,,,,,,,,,,,,,,,,,,,,,,,,,,,,,,,,,,,,,,,,,,,,,,,,
,,4.5,,,,,,,,,,,,,,,,,,,,,,,,,,,,,,,,,,,,,,,,,,,,,,,,,,,,
,,4.5,,,,,,,,,,,,,,,,,,,,,,,,,,,,,,,,,,,,,,,,,,,,,,,,,,,,
,,4.5,,,,,,,,,,,,,,,,,,,,,,,,,,,,,,,,,,,,,,,,,,,,,,,,,,,,
,,4.5,,,,,,,,,,,,,,,,,,,,,,,,,,,,,,,,,,,,,,,,,,,,,,,,,,,,
,,4.5,,,,,,,,,,,,,,,,,,,,,,,,,,,,,,,,,,,,,,,,,,,,,,,,,,,,
,,4.5,,,,,,,,,,,,,,,,,,,,,,,,,,,,,,,,,,,,,,,,,,,,,,,,,,,,
,,4.5,,,,,,,,,,,,,,,,,,,,,,,,,,,,,,,,,,,,,,,,,,,,,,,,,,,,
,,4.5,,,,,,,,,,,,,,,,,,,,,,,,,,,,,,,,,,,,,,,,,,,,,,,,,,,,
,,4.5,,,,,,,,,,,,,,,,,,,,,,,,,,,,,,,,,,,,,,,,,,,,,,,,,,,,
,,4.5,,,,,,,,,,,,,,,,,,,,,,,,,,,,,,,,,,,,,,,,,,,,,,,,,,,,
,,4.5,,,,,,,,,,,,,,,,,,,,,,,,,,,,,,,,,,,,,,,,,,,,,,,,,,,,
,,4.5,,,,,,,,,,,,,,,,,,,,,,,,,,,,,,,,,,,,,,,,,,,,,,,,,,,,
,,4.5,,,,,,,,,,,,,,,,,,,,,,,,,,,,,,,,,,,,,,,,,,,,,,,,,,,,
,,4.5,,,,,,,,,,,,,,,,,,,,,,,,,,,,,,,,,,,,,,,,,,,,,,,,,,,,
,,4.5,,,,,,,,,,,,,,,,,,,,,,,,,,,,,,,,,,,,,,,,,,,,,,,,,,,,
,,4.5,,,,,,,,,,,,,,,,,,,,,,,,,,,,,,,,,,,,,,,,,,,,,,,,,,,,
,,4.5,,,,,,,,,,,,,,,,,,,,,,,,,,,,,,,,,,,,,,,,,,,,,,,,,,,,
,,4.5,,,,,,,,,,,,,,,,,,,,,,,,,,,,,,,,,,,,,,,,,,,,,,,,,,,,
,,4.5,,,,,,,,,,,,,,,,,,,,,,,,,,,,,,,,,,,,,,,,,,,,,,,,,,,,
,,4.5,,,,,,,,,,,,,,,,,,,,,,,,,,,,,,,,,,,,,,,,,,,,,,,,,,,,
,,4.5,,,,,,,,,,,,,,,,,,,,,,,,,,,,,,,,,,,,,,,,,,,,,,,,,,,,
,,0,,,,,,,,,,,,,,,,,,,,,,,,,,,,,,,,,,,,,,,,,,,,,,,,,,,,
,,0,,,,,,,,,,,,,,,,,,,,,,,,,,,,,,,,,,,,,,,,,,,,,,,,,,,,
,,0,,,,,,,,,,,,,,,,,,,,,,,,,,,,,,,,,,,,,,,,,,,,,,,,,,,,
,,0,,,,,,,,,,,,,,,,,,,,,,,,,,,,,,,,,,,,,,,,,,,,,,,,,,,,
,,0,,,,,,,,,,,,,,,,,,,,,,,,,,,,,,,,,,,,,,,,,,,,,,,,,,,,
,,0,,,,,,,,,,,,,,,,,,,,,,,,,,,,,,,,,,,,,,,,,,,,,,,,,,,,
,,0,,,,,,,,,,,,,,,,,,,,,,,,,,,,,,,,,,,,,,,,,,,,,,,,,,,,
,,0,,,,,,,,,,,,,,,,,,,,,,,,,,,,,,,,,,,,,,,,,,,,,,,,,,,,
,,0,,,,,,,,,,,,,,,,,,,,,,,,,,,,,,,,,,,,,,,,,,,,,,,,,,,,
,,0,,,,,,,,,,,,,,,,,,,,,,,,,,,,,,,,,,,,,,,,,,,,,,,,,,,,
,,0,,,,,,,,,,,,,,,,,,,,,,,,,,,,,,,,,,,,,,,,,,,,,,,,,,,,
,,0,,,,,,,,,,,,,,,,,,,,,,,,,,,,,,,,,,,,,,,,,,,,,,,,,,,,
,,0,,,,,,,,,,,,,,,,,,,,,,,,,,,,,,,,,,,,,,,,,,,,,,,,,,,,
,,0,,,,,,,,,,,,,,,,,,,,,,,,,,,,,,,,,,,,,,,,,,,,,,,,,,,,
,,0,,,,,,,,,,,,,,,,,,,,,,,,,,,,,,,,,,,,,,,,,,,,,,,,,,,,
,,0,,,,,,,,,,,,,,,,,,,,,,,,,,,,,,,,,,,,,,,,,,,,,,,,,,,,
,,0,,,,,,,,,,,,,,,,,,,,,,,,,,,,,,,,,,,,,,,,,,,,,,,,,,,,
,,0,,,,,,,,,,,,,,,,,,,,,,,,,,,,,,,,,,,,,,,,,,,,,,,,,,,,
,,0,,,,,,,,,,,,,,,,,,,,,,,,,,,,,,,,,,,,,,,,,,,,,,,,,,,,
,,0,,,,,,,,,,,,,,,,,,,,,,,,,,,,,,,,,,,,,,,,,,,,,,,,,,,,
,,0,,,,,,,,,,,,,,,,,,,,,,,,,,,,,,,,,,,,,,,,,,,,,,,,,,,,
,,0,,,,,,,,,,,,,,,,,,,,,,,,,,,,,,,,,,,,,,,,,,,,,,,,,,,,
,,0,,,,,,,,,,,,,,,,,,,,,,,,,,,,,,,,,,,,,,,,,,,,,,,,,,,,
,,0,,,,,,,,,,,,,,,,,,,,,,,,,,,,,,,,,,,,,,,,,,,,,,,,,,,,
,,0,,,,,,,,,,,,,,,,,,,,,,,,,,,,,,,,,,,,,,,,,,,,,,,,,,,,
,,0,,,,,,,,,,,,,,,,,,,,,,,,,,,,,,,,,,,,,,,,,,,,,,,,,,,,
,,0,,,,,,,,,,,,,,,,,,,,,,,,,,,,,,,,,,,,,,,,,,,,,,,,,,,,
,,0,,,,,,,,,,,,,,,,,,,,,,,,,,,,,,,,,,,,,,,,,,,,,,,,,,,,
,,0,,,,,,,,,,,,,,,,,,,,,,,,,,,,,,,,,,,,,,,,,,,,,,,,,,,,
,,0,,,,,,,,,,,,,,,,,,,,,,,,,,,,,,,,,,,,,,,,,,,,,,,,,,,,
,,0,,,,,,,,,,,,,,,,,,,,,,,,,,,,,,,,,,,,,,,,,,,,,,,,,,,,
,,0,,,,,,,,,,,,,,,,,,,,,,,,,,,,,,,,,,,,,,,,,,,,,,,,,,,,
